filmTitle,filmGenre,bookTitle,bookGenre,author,authorName,birthDate
18.05.2009,,Sri Lankan Civil War,,,,
200 Halla Ho,,Akku Yadav,,,,
27 Guns,,Ugandan Bush War,,,,
50 Million Frenchmen (film),,Herbert Fields,,,,
50 Million Frenchmen (film),,Cole Porter,,,,
93 Days,,Ebola virus disease in Nigeria,,,,
A Boy and His Dog (1946 film),,Samuel A. Derieux,,,,
A Day in Hollywood / A Night in the Ukraine,,Anton Chekhov,,,,
A Fistful of Dollars,,Ryūzō Kikushima,,,,
A Gentleman's Guide to Love and Murder,,Roy Horniman,,,,
A Lesson Before Dying (film),,Ernest J. Gaines,,,,
A Little South of Heaven,,Ruth Park,,,,
A Night Out (musical),,L'Hôtel du libre échange,,,,
A Night Out (musical),,Maurice Desvallières,,,,
A Night at Switch n' Play,,Artist collective,,,,
A Night in New Arabia,,O. Henry,,,,
A Poet in New York,,Dylan Thomas,,,,
Aadmi (1968 film),,Aalayamani,,,,
Aakrosh (2010 film),,Mississippi Burning,,,,
Aamdani Atthanni Kharcha Rupaiya,,V. Sekhar,,,,
Aarathu Sinam,,Memories (2013 film),,,,
Aashiqui (2015 film),,Ishq (2012 film),,,,
Aayanaki Iddaru,,Aaina (1993 film),,,,
Abar Tora Manush Ho,,Amjad Hossain,,,,
Abhijan (1984 film),,Syed Shamsul Haque,,,,
Abhimaan (2016 film),,Attarintiki Daredi,,,,
Adam Surat,,SM Sultan,,,,
Adavilo Abhimanyudu,,Douthyam,,,,
Adding Machine (musical),,The Adding Machine,,,,
Adding Machine (musical),,Elmer Rice,,,,
Adhiyar,,Selim Al Din,,,,
Adyaksha in America,,Two Countries,,,,
African Treasure,,Roy Rockwood,,,,
Aga Bai Arrecha!,,What Women Want,,,,
Ahista Ahista (1981 film),,Gejje Pooje,,,,
Aisha (2010 film),,Clueless,,,,
Aiyaary,,Adarsh Housing Society scam,,,,
Aksar 2,,Aksar,,,,
Aladdin and the Wonderful Lamp (1934 film),,Aladdin,,,,
All Hail the King,,Marvel Comics,Superhero fiction,,,
All Hail the King,,Marvel Comics,Action fiction,,,
All Hail the King,,Marvel Comics,Adventure fiction,,,
All Hail the King,,Marvel Comics,Fantasy,,,
All Hail the King,,Marvel Comics,Science fiction,,,
All I Desire,,Carol Ryrie Brink,Children's literature,,,
All the Fun of the Fair,,David Essex,Musical theatre,,,
All the Fun of the Fair,,David Essex,Glam rock,,,
All the Fun of the Fair,,David Essex,Pop music,,,
All the Fun of the Fair,,David Essex,Classic rock,,,
All-American Co-ed,,Hal Roach Jr.,,,,
Alludugaaru Vachcharu,,Pooveli,,,,
Alone (2015 Hindi film),,Alone (2007 film),,,,
Amardeep (1958 film),,Amara Deepam (1956 film),,,,
American Idiot (musical),,American Idiot,,,,
Amish Grace,,West Nickel Mines School shooting,,,,
And Then There Were None (1945 film),,Agatha Christie,Murder mystery,,,
And Then There Were None (1945 film),,Agatha Christie,Thriller (genre),,,
Andy Hardy's Blonde Trouble,,Aurania Rouverol,,,,
Ang Luha at Lualhati ni Jeronima,,El Filibusterismo,,,,
Angels in the Outfield (franchise),,David Mickey Evans,,,,
Anita (2021 film),,Anita Mui,,,,
Annie (1999 film),,Thomas Meehan (writer),,,,
Annie (1999 film),,Martin Charnin,,,,
Another 48 Hrs.,,Roger Spottiswoode,,,,
Another 48 Hrs.,,Steven E. de Souza,,,,
Antoine and Colette,,Antoine Doinel,,,,
Any Mother's Son,,Murder of Allen R. Schindler Jr.,,,,
Aquaman (film),,Lists of DC Comics characters,,,,
Aquaman and the Lost Kingdom,,Lists of DC Comics characters,,,,
Archer (film),,Bob Ellis,,,,
Arrival II,,The Arrival (1996 film),,,,
As Is (film),,As Is (play),,http://dbpedia.org/resource/William_M._Hoffman,William M. Hoffman,1939-04-12
Ask for Jane,,Jane Collective,,,,
Asthitva,,Naan (2012 film),,,,
Axe Giant: The Wrath of Paul Bunyan,,Paul Bunyan,,,,
Babes in Toyland (1934 film),,Glen MacDonough,,,,
Babes in Toyland (1934 film),,Anna Alice Chapin,,,,
Babu Baga Busy,,Hunterrr,,,,
Back to School with Franklin,,Brenda Clark,,,,
Bad Girls: The Musical,,Bad Girls (TV series),,,,
Bad Girls: The Musical,,ITV1,,,,
Badhshala,,Nepalese Civil War,,,,
Bahay na Pula (film),,Bahay na Pula,,,,
Bal Naren,,Swachh Bharat Mission,,,,
Balibo (film),,Jill Jolliffe,,,,
Balika Badhu (1976 film),,Balika Badhu (1967 film),,,,
Bande à part (film),,Dolores Hitchens,,,,
Bandhan (1998 film),,Pandithurai,,,,
Bandish (1980 Pakistani film),,Random Harvest (film),,,,
Baron Munchausen's Dream,,Baron Munchausen,,,,
Batman v Superman: Dawn of Justice,,Lists of DC Comics characters,,,,
Bawarchi,,Galpo Holeo Satti,,,,
Because He's My Friend,,Pamela Stone,,,,
Bed and Board (film),,Antoine Doinel,,,,
Beddegama (film),,The Village in the Jungle,,http://dbpedia.org/resource/Leonard_Woolf,Leonard Woolf,1880-11-25
Begum Jaan,,Rajkahini,,,,
Bert: The Last Virgin,,Bert Diaries,,,,
Bheja Fry (film),,Le Dîner de Cons (film),,,,
Bhimanjaneya Yuddham,,The Mahabharata,,,,
Big Bad Mama II,,Frances Doel,,,,
Big Leaguer,,John McNulty (journalist),,,,
Billu Barber,,Kadha Parayumbol,,,,
Birds of Prey (2020 film),,Lists of DC Comics characters,,,,
Biskoth,,Bedtime Stories (film),,,,
Black Adam (film),,Lists of DC Comics characters,,,,
Black Eagle (1948 film),,O. Henry,,,,
Bloody Mary (2006 film),,Bloody Mary (folklore),,,,
Bob Biswas,,The Bourne Ultimatum (film),,,,
Bolo Na Tumi Aamar,,Happy (2006 film),,,,
Bomba and the Hidden City,,Roy Rockwood,,,,
Bomba on Panther Island,,Roy Rockwood,,,,
Bombay to Goa (1972 film),,Madras to Pondicherry,,,,
Boris: The Film,,Boris (TV series),Comedy,,,
Botany Bay (film),,James Norman Hall,,,,
Brass Monkey (film),,Thornton Freeland,,,,
Brian's Song,,Al Silverman,,,,
Bronco Buster (film),,Peter B. Kyne,,,,
Bukit Kepong (film),,Bukit Kepong incident,,,,
Bulldog Drummond at Bay (1947 film),,H.C. McNeile,,,,
Burke & Wills,,Burke and Wills expedition,,,,
Camp Rock 2: The Final Jam,,Julie Brown,,,,
Can-Can (film),,Abe Burrows,,,,
"Careful, He Might Hear You (film)",,"Careful, He Might Hear You (novel)",,http://dbpedia.org/resource/Sumner_Locke_Elliott,Sumner Locke Elliott,
Carlton Your Doorman,,David Davis (TV producer),,,,
Carlton Your Doorman,,Lorenzo Music,,,,
Carlton Your Doorman,,Allan Burns,,,,
Carlton Your Doorman,,James L. Brooks,,,,
Carousel (film),,Oscar Hammerstein II,,,,
Chal Chala Chal,,Varavelpu,,,,
Chala Mussaddi... Office Office,,Office Office,,http://dbpedia.org/resource/Ashwni_Dhir,Ashwni Dhir,1968-09-23
Challenge 2,,Dookudu,,,,
Chambal (film),,D. K. Ravi,,,,
Charing Cross Road (film),,Clay Keyes,,,,
Cheech & Chong's The Corsican Brothers,,The Corsican Brothers,,"http://dbpedia.org/resource/Alexandre_Dumas,_père","Alexandre Dumas, père",
Chellata (film),,Pulival Kalyanam,,,,
Cheluva,,Hello Brother (1994 film),,,,
Chhoti Bahu,,Muddu Bidda,,,,
Chicken Little (2005 film),,Chicken Little,,,,
Children's Island (film),,P. C. Jersild,,,,
Chinarayudu,,Chinna Gounder,,,,
Chit A Mhya (1940 film),,The Toy Wife,,,,
Circle of Friends (1995 film),,Maeve Binchy,Travel writing,,,
Clara's Heart,,Joseph Olshan,,,,
Clash of the Titans (1981 film),,Perseus,,,,
Claudelle Inglish,,Erskine Caldwell,,,,
Clint (film),,Edmund Thomas Clint,,,,
Coco Chanel & Igor Stravinsky,,Chris Greenhalgh,,,,
Comet in Moominland (film),,Comet in Moominland,,http://dbpedia.org/resource/Tove_Jansson,Tove Jansson,1914-08-09
Coolie (1997 film),,Coolie No. 1 (1995 film),,,,
Coolie No. 1 (1995 film),,P. Kalaimani,,,,
Coonskin (film),,Uncle Remus,,,,
Cornered (1924 film),,Zelda Sears,,,,
Counsel for Crime,,Harold Shumate,,,,
Counter-Espionage,,Louis Joseph Vance,,,,
Crescendo (1970 film),,Alfred Shaughnessy,,,,
Curious George 2: Follow That Monkey!,,Alan Shalleck,,,,
Curious George 2: Follow That Monkey!,,Margret Rey,,,,
Curious George 2: Follow That Monkey!,,H.A. Rey,,,,
Curse of the Fly,,The Fly (Langelaan),,http://dbpedia.org/resource/George_Langelaan,George Langelaan,1908-01-19
Cyclops (1982 film),,Ranko Marinković,,,,
DC League of Super-Pets,,Lists of DC Comics characters,,,,
Dajjal: The Slayer and His Followers,,Al-Masih ad-Dajjal,,,,
Damaad,,Mouchak,,,,
Damn Yankees,,The Year the Yankees Lost the Pennant,,http://dbpedia.org/resource/Douglass_Wallop,Douglass Wallop,1920-03-08
Damn Yankees (1958 film),,Richard Adler,,,,
Damn Yankees (1958 film),,Jerry Ross (composer),,,,
Dancers (film),,Jules Perrot,,,,
Dancers (film),,Jean Coralli,,,,
Dangerous Love (1920 film),,Charles E. Winter,,,,
Dark Chocolate (film),,Sheena Bora murder case,,,,
Darth Maul: Apprentice,,Darth Maul,,,,
Daruwane,,Pasanga,,,,
Daud (film),,Kshana Kshanam,,,,
Dead Europe,,Christos Tsiolkas,,,,
Delightfully Dangerous,,Frank Tashlin,,,,
Delusions of Grandeur (film),,Ruy Blas,,,,
Destry Rides Again (musical),,Destry Rides Again,,,,
Devata (1978 film),,Gnana Oli,,,,
Devil's Night: Dawn of the Nain Rouge,,Nain Rouge,,,,
Dharmaveer,,Anand Dighe,,,,
Dharti (1970 film),,Sivandha Mann,,,,
Dhund (2003 film),,I Know What You Did Last Summer,,,,
Dick Tracy (1945 film),,Chester Gould,,,,
Dil Aur Deewaar,,Jeevana Tarangalu,,,,
Dil Diya Dard Liya,,Wuthering Heights,,http://dbpedia.org/resource/Emily_Brontë,Emily Brontë,1818-07-30
Dil Ek Mandir,,Nenjil Or Aalayam,,,,
Dil Hai Ke Manta Nahin,,Chori Chori (1956 film),,,,
Dil Hai Ke Manta Nahin,,It Happened One Night,,,,
Dil Ne Jise Apna Kahaa,,Return to Me,,,,
Dil Tera Diwana (1962 film),,Sabaash Meena,,,,
Disco King (film),,Disco Dancer,,,,
Django Strikes Again,,Django (character),,,,
Do Kaliyaan,,Kuzhandaiyum Deivamum,,,,
Do Lafzon Ki Kahani (film),,Always (2011 film),,,,
Doc Savage: The Man of Bronze,,Lester Dent,,,,
Doc Savage: The Man of Bronze,,Doc Savage,,,,
Doctor Savithri,,Savitri and Satyavan,,,,
Doctors' Wives (1971 film),,Frank G. Slaughter,,,,
Don Muthu Swami,,Oscar (1991 film),,,,
Don Quixote (Cartoon film),,Don Quixote,,http://dbpedia.org/resource/Miguel_de_Cervantes,Miguel de Cervantes,1547-09-29
Dr. Nawariyan,,Munna Bhai M.B.B.S.,,,,
Dracula: A Chamber Musical,,Bram Stoker,Romance novel,,,
Dracula: A Chamber Musical,,Bram Stoker,Gothic fiction,,,
Dragon Tattoo Stories (film series),,Stieg Larsson,,,,
Driver Babu,,Khud-daar,,,,
Dug's Special Mission,,Pete Docter,,,,
Dying for Gold,,Mining in South Africa,,,,
"East Side, West Side (1949 film)",,Marcia Davenport,,,,
Edge of Sanity (film),,Jack the Ripper,,,,
Edward Scissorhands (dance),,Edward Scissorhands,,,,
Ek Duuje Ke Liye,,Maro Charitra,,,,
Ek Khiladi Ek Haseena (film),,Confidence (2003 film),,,,
Ek Villain,,I Saw the Devil,,,,
El Paso (film),,Gladys Atwater,,,,
El camino de Santiago (film),,Santiago Maldonado case,,,,
Elite Squad,,Luiz Eduardo Soares,,,,
"Enemies, A Love Story (film)",,Isaac Bashevis Singer,Prose,,,
Enough Rope (film),,Patricia Highsmith,Romance novel,,,
Enough Rope (film),,Patricia Highsmith,Psychological thriller,,,
Enough Rope (film),,Patricia Highsmith,Crime fiction,,,
Enough Rope (film),,Patricia Highsmith,Thriller (genre),,,
Enter Kyōshirō Nemuri the Swordman,,Renzaburō Shibata,,,,
Esther and the King,,Book of Esther,,,,
Evano Oruvan,,Nishikant Kamat,,,,
Evanukku Engeyo Matcham Irukku,,Guntur Talkies,,,,
FBI Girl,,Rupert Hughes,,,,
Fangs of the Wild (1954 film),,William F. Claxton,,,,
"Farewell, My Lovely (1975 film)",,Raymond Chandler,Crime fiction,,,
"Farewell, My Lovely (1975 film)",,Raymond Chandler,Hardboiled,,,
"Farewell, My Lovely (1975 film)",,Raymond Chandler,Suspense,,,
Fat Pizza,,Pizza (TV series),Black Comedy,,,
Fat Pizza,,Pizza (TV series),Adventure fiction,,,
Fat Pizza,,Pizza (TV series),Slapstick,,,
Fat Pizza,,Pizza (TV series),Off-color humor,,,
Fear No Evil (1969 film),Horror film,Guy Endore,,,,
Fear No Evil (1969 film),Thriller film,Guy Endore,,,,
Feng Shui (2012 film),,Fang Fang,,,,
Fetih 1453,,Fall of Constantinople,,,,
Fire and Sword,,Tristan and Iseult,,,,
Firepower (film),,Michael Winner,,,,
First Comes Courage,,Elliott Arnold,,,,
"Five Days, Five Nights (1996 film)",,Álvaro Cunhal,,,,
Flesh and the Spur,,Mark Hanna,,,,
Flight 90: Disaster on the Potomac,,Air Florida Flight 90,,,,
Flirty Four-Flushers,,O. Henry,,,,
Fool's Mate (1956 film),,Mrs. Bixby and the Colonel's Coat,,,,
Fools for Scandal,,Nancy Hamilton,,,,
Footpath (2003 film),,Angaaray (1998 film),,,,
Four Guns to the Border,,Louis L'Amour,,,,
Franklin and the Green Knight,,Brenda Clark,,,,
Franklin and the Turtle Lake Treasure,,Brenda Clark,,,,
Franklin's Magic Christmas,,Brenda Clark,,,,
Fred (franchise),,Fred Figglehorn,,,,
Fred 3: Camp Fred,Comedy,Fred Figglehorn,,,,
Freedom Radio,,Gordon Wellesley,,,,
Friday (franchise),,DJ Pooh,,,,
Fright Night (franchise),,Tom Holland (filmmaker),,,,
From Hell to Texas,,The Hell Bent Kid,,,,
Gagarin: First in Space,,Vostok 1,,,,
"Gaily, Gaily",,Ben Hecht,,,,
Gambler's Choice,,Howard Emmett Rogers,,,,
Gang of Ghosts,,Bhooter Bhabishyat,,,,
Gangbé!,,Gangbé Brass Band,,,,
Get-Rich-Quick Wallingford (1916 film),,George M. Cohan,,,,
Get-Rich-Quick Wallingford (1916 film),,George Randolph Chester,,,,
Ghar Ghar Ki Kahani (1988 film),,Shanthi Nivasam,,,,
Ghar Sansar,,Maga Maharaju,,,,
Ghoom (film),,Vijay Krishna Acharya,,,,
Gidget Goes Hawaiian,,Frederick Kohner,,,,
Girl Crazy (1932 film),,George Gershwin,,,,
Girl Crazy (1932 film),,Ira Gershwin,Classical music,,,
Girl Crazy (1932 film),,Ira Gershwin,Popular music,,,
Girl Crazy (1932 film),,Jack McGowan,,,,
Girl Crazy (1932 film),,Guy Bolton,,,,
Girl Crazy (1943 film),,George Gershwin,,,,
Girl Crazy (1943 film),,Ira Gershwin,Classical music,,,
Girl Crazy (1943 film),,Ira Gershwin,Popular music,,,
Girl Crazy (1943 film),,Jack McGowan,,,,
Girl Crazy (1943 film),,Guy Bolton,,,,
Goenda Shabor,,Shabor Dasgupta,,,,
Gold Diggers of 1937,,Richard Maibaum,,,,
Goldilocks (film),,Goldilocks and the Three Bears,,http://dbpedia.org/resource/Robert_Southey,Robert Southey,1774-08-12
Goodnight Mommy (2022 film),,Ulrich Seidl,,,,
Goodnight Mommy (2022 film),,Veronika Franz and Severin Fiala,,,,
Graveyard Shift (1990 film),,Stephen King,Genre fiction,,,
Graveyard Shift (1990 film),,Stephen King,Gothic fiction,,,
Graveyard Shift (1990 film),,Stephen King,Crime fiction,,,
Graveyard Shift (1990 film),,Stephen King,Horror fiction,,,
Graveyard Shift (1990 film),,Stephen King,Supernatural fiction,,,
Graveyard Shift (1990 film),,Stephen King,Dark fantasy,,,
Graveyard Shift (1990 film),,Stephen King,Fantasy fiction,,,
Graveyard Shift (1990 film),,Stephen King,Thriller fiction,,,
Graveyard Shift (1990 film),,Stephen King,Drama (fiction),,,
Graveyard Shift (1990 film),,Stephen King,Post-apocalyptic fiction,,,
Graveyard Shift (1990 film),,Stephen King,Suspense fiction,,,
Graveyard Shift (1990 film),,Graveyard Shift (story),,,,
Gremlins 2: The New Batch,,Chris Columbus (filmmaker),,,,
Gunsmoke,,Norman Macdonnell,,,,
Gunsmoke,,John Meston,,,,
Haathi Mere Saathi (1971 film),,Deiva Cheyal,,,,
Halston (film),,Halston,,,,
Hammer of the Gods (2009 film),,Norse mythology,,,,
Happidrome (film),,Happidrome (radio),,,,
Har Dil Jo Pyar Karega,,Chandralekha (1997 film),,,,
Hart's War,,Hart's War (novel),,,,
Head On (1998 film),,Christos Tsiolkas,,,,
Headless Horseman (film),Horror film,Headless Horseman,,,,
Heavy Load (film),,Heavy Load (punk band),Punk Rock,,,
Helter Skelter (1976 film),Crime film,Curt Gentry,,,,
Helter Skelter (1976 film),Drama Film,Curt Gentry,,,,
Helter Skelter (1976 film),Thriller film,Curt Gentry,,,,
Hercules (1997 film),,Heracles,,,,
Hero 420,,Maska (2009 film),,,,
Herostratus (film),,Herostratus,,,,
High Society (1932 film),,Scott Darling (screenwriter),,,,
High Society (musical),,The Philadelphia Story (play),,http://dbpedia.org/resource/Philip_Barry,Philip Barry,1896-06-18
High Society (musical),,High Society (1956 film),,,,
Hillsborough (2014 film),,Hillsborough disaster,,,,
His Majesty O'Keefe,,Gerald Green (author),,,,
Hit the Deck (1955 film),,Vincent Youmans,,,,
Hit the Deck (1955 film),,Clifford Grey,,,,
Hit the Deck (1955 film),,Leo Robin,,,,
Hollywood Pinafore,,H.M.S. Pinafore,,,,
Hollywood Pinafore,,Gilbert and Sullivan,,,,
Homecoming (1928 film),,Leonhard Frank,,,,
"Honey, We Shrunk Ourselves",,Stuart Gordon,,,,
"Honey, We Shrunk Ourselves",,Ed Naha,,,,
"Honey, We Shrunk Ourselves",,Brian Yuzna,,,,
Hot Gimmick: Girl Meets Boy,,Hot Gimmick,,http://dbpedia.org/resource/Miki_Aihara,Miki Aihara,
Hot Gimmick: Girl Meets Boy,,Shōjo manga,,,,
Hot Mikado,,Gilbert and Sullivan,,,,
Hotel Sorrento,,Hannie Rayson,,,,
House Party 2,,Reginald Hudlin,,,,
House Party 3,,Reginald Hudlin,,,,
House Party: Tonight's the Night,,Reginald Hudlin,,,,
Hudson's Bay (film),,Pierre-Esprit Radisson,,,,
Hugo and Josephine,,Maria Gripe,,,,
Hulchul (2004 film),,Siddique-Lal,,,,
Hum Sab Ullu Hain,,Comedy,,,,
Hum Tum (film),,When Harry Met Sally...,,,,
I Am Bolt,,Usain Bolt,,,,
I Killed That Man,,David Silverstein,,,,
I Love Trouble (1948 film),,Roy Huggins,,,,
I Loved a Woman,,David Karsner,,,,
I Married an Angel,,Johann von Vásáry,,,,
I'll Sleep When I'm Dead (2016 film),,Steve Aoki,Electro house,,,
I'll Sleep When I'm Dead (2016 film),,Steve Aoki,Electronic dance music,,,
I'll Sleep When I'm Dead (2016 film),,Steve Aoki,Trap music (EDM),,,
I'll Sleep When I'm Dead (2016 film),,Steve Aoki,Dutch house,,,
I'll Sleep When I'm Dead (2016 film),,Steve Aoki,Big room house,,,
I've Been Waiting for You (film),Horror film,Lois Duncan,Supernatural fiction,,,
I've Been Waiting for You (film),Horror film,Lois Duncan,Picture books,,,
I've Been Waiting for You (film),Horror film,Lois Duncan,Young adult literature,,,
I've Been Waiting for You (film),Horror film,Lois Duncan,Poetry,,,
I've Been Waiting for You (film),Horror film,Lois Duncan,Children's literature,,,
I've Been Waiting for You (film),Horror film,Lois Duncan,Mystery fiction,,,
Idi Katha Kaadu,,Avargal,,,,
Ihmiset suviyössä (film),,Ihmiset suviyössä,,http://dbpedia.org/resource/Frans_Eemil_Sillanpää,Frans Eemil Sillanpää,1888-09-16
Illalu Priyuralu,,Masoom (1983 film),,,,
In the Absence,,Sinking of MV Sewol,,,,
Incident in an Alley,,Rod Serling,Horror fiction,,,
Incident in an Alley,,Rod Serling,Science fiction,,,
Incident in an Alley,,Rod Serling,Speculative fiction,,,
India Untouched: Stories of a People Apart,,Untouchability,,,,
Indra Bhavanam,,Swarg,,,,
Inherit the Wind (1999 film),Drama,Robert E. Lee (playwright),,,,
Inspector Clouseau (film),,Blake Edwards,,,,
Inspector Clouseau (film),,Maurice Richlin,,,,
Ip Man (film series),,Ip Man,,,,
Irvine Welsh's Ecstasy,,Irvine Welsh,,,,
Is Paris Burning? (film),,Dominique Lapierre,,,,
Island of Lost Men,,Frank Butler (writer),,,,
Island of Lost Men,,Norman Reilly Raine,,,,
It Happened Tomorrow,,Lord Dunsany,Crime fiction,,,
It Happened Tomorrow,,Lord Dunsany,Horror fiction,,,
It Happened Tomorrow,,Lord Dunsany,High fantasy,,,
It Happened Tomorrow,,Lord Dunsany,Weird fiction,,,
It Happened Tomorrow,,Lewis R. Foster,,,,
Ittefaq (1969 film),,Signpost to Murder,,,,
Ivanhoe (1982 film),Romance film,Sir Walter Scott,,,,
Ivanhoe (1982 film),Epic film,Sir Walter Scott,,,,
Ivanhoe (1982 film),Drama (film and television),Sir Walter Scott,,,,
Ivanhoe (1982 film),Historical drama,Sir Walter Scott,,,,
Ivanhoe (1982 film),Adventure film,Sir Walter Scott,,,,
Jaan Se Pyaara,,Shivashankar,,,,
Jaan Se Pyaara,,Heart of Dragon,,,,
Jaanam,,Bobby (1973 film),,,,
Jack and the Beanstalk (1933 film),,Jack and the Beanstalk,,,,
Jack the Giant Killer (1962 film),,Jack the Giant Killer,,,,
Jack's the Boy,,Douglas Furber,,,,
Jael and Sisera (film),,Book of Judges,,,,
Jagath Kiladi,,Gopi Kishan,,,,
Jamie Marks Is Dead,,One for Sorrow (novel),,http://dbpedia.org/resource/Christopher_Barzak,Christopher Barzak,1975-07-21
Jaws (franchise),,Peter Benchley,,,,
Jekyll & Hyde (musical),,Robert Louis Stevenson,,,,
Jekyll & Hyde (musical),,The Strange Case of Dr Jekyll and Mr Hyde,,,,
Jerry Maguire,,Leigh Steinberg,,,,
"Jesús, nuestro Señor",,Four Evangelists,,,,
Jewel Robbery,,Ladislas Fodor,,,,
Jhumkee,,Violence against women,,,,
Jibondhuli,,Bangladesh Liberation War,,,,
Jobriath A.D.,,Jobriath,Psychedelic pop,,,
Jobriath A.D.,,Jobriath,Glam rock,,,
Jobs (film),,Steve Jobs,,,,
John Henry (2000 film),,John Henry (folklore),,,,
Johnny Come Lately,,Louis Bromfield,,,,
Joseph: King of Dreams,,Book of Genesis,,,,
"Joshua Tree, 1951: A Portrait of James Dean",,James Dean,,,,
Judwaa,,Hello Brother (1994 film),,,,
Jungle Jim (serial),,Alex Raymond,,,,
Justice League (film),,Lists of DC Comics characters,,,,
K: Missing Kings,,K (TV series),,,,
Kaala Patthar,,Chasnala mining disaster,,,,
Kabzaa,,On the Waterfront,,,,
Kalaakaar,,Payanangal Mudivathillai,,,,
Kalyug (1981 film),,Mahabharata,,,,
Kamaal Dhamaal Malamaal,,Marykkundoru Kunjaadu,,,,
Kanden Kadhalai,,Jab We Met,,,,
Kandukondain Kandukondain,,Jane Austen,,,,
Katyar Kaljat Ghusali (film),,Katyar Kaljat Ghusli (play),,,,
Keane of Kalgoorlie,,Arthur Wright (writer),,,,
Khaak Aur Khoon (film),,Khaak Aur Khoon (novel),,http://dbpedia.org/resource/Naseem_Hijazi,Naseem Hijazi,1914-05-19
Khandan (1965 film),,Bhaaga Pirivinai,,,,
Khoka 420,,Brindavanam (2010 film),,,,
"Kidnapping, Caucasian Style!",,Leonid Gaidai,,,,
Kids of the Round Table,,Arthurian legend,,,,
Killing Veerappan,,Operation Cocoon,,,,
King David (film),,Old Testament,,,,
Kiss Me Goodbye (film),,Eduardo Coutinho,,,,
Koti Chennaya,,Koti and Chennayya,,,,
Krishna (film series),,Krishna,,,,
Kull the Conqueror,,Robert E. Howard,Boxing,,,
Kull the Conqueror,,Robert E. Howard,Sword and sorcery,,,
Kull the Conqueror,,Robert E. Howard,Horror fiction,,,
Kull the Conqueror,,Robert E. Howard,Southern Gothic,,,
Kull the Conqueror,,Robert E. Howard,Western fiction,,,
Kull the Conqueror,,Robert E. Howard,Historical novel,,,
Kull the Conqueror,,Kull of Atlantis,,,,
Kunwara Baap (1974 film),,The Kid (1921 film),,,,
L'Épervier,,Francis de Croisset,,,,
La tigre è ancora viva: Sandokan alla riscossa!,,Emilio Salgari,Western fiction,,,
La tigre è ancora viva: Sandokan alla riscossa!,,Emilio Salgari,Adventure fiction,,,
La tigre è ancora viva: Sandokan alla riscossa!,,Emilio Salgari,Science fiction,,,
La tigre è ancora viva: Sandokan alla riscossa!,,Emilio Salgari,Historical novel,,,
Ladies They Talk About,,Dorothy Mackaye,,,,
Lav Kush,,Valmiki,,,,
Lav Kush,,Uttar Ramayan,,,,
Lava Kusa,,Uttararamacarita,,,,
Lego DC Comics Super Heroes: Justice League – Cosmic Clash,,DC Comics,Superhero fiction,,,
Lego DC Comics Super Heroes: Justice League – Cosmic Clash,,DC Comics,Action fiction,,,
Lego DC Comics Super Heroes: Justice League – Cosmic Clash,,DC Comics,Adventure fiction,,,
Lego DC Comics Super Heroes: Justice League – Cosmic Clash,,DC Comics,Science fiction,,,
Lego DC Comics Super Heroes: Justice League – Cosmic Clash,,DC Comics,Fantasy fiction,,,
Lego Scooby-Doo! Blowout Beach Bash,,Lego,,,,
Lego Scooby-Doo! Haunted Hollywood,,Lego,,,,
Lensman (1984 film),,E. E. Smith,Space opera,,,
Let's Dance (1950 film),,Maurice Zolotow,,,,
Life with the Lyons (film),,Bob Block,,,,
Life's Whirlpool (1916 film),,Frank Norris,,,,
Little Shop of Horrors (musical),,The Little Shop of Horrors,,,,
Little Shop of Horrors (musical),,Charles B. Griffith,,,,
Lockout (film),,Debra Hill,,,,
Lockout (film),,Nick Castle,,,,
Lockout (film),,Kurt Russell,,,,
Lombardi (film),,Vince Lombardi,,,,
Lone Texas Ranger,,Fred Harman,,,,
Lone Wolf and Cub: Final Conflict,,Lone Wolf and Cub,,http://dbpedia.org/resource/Kazuo_Koike,Kazuo Koike,
Lone Wolf and Cub: Final Conflict,,Manga,,,,
Lotrando a Zubejda,,Zdeněk Svěrák,,,,
Lotrando a Zubejda,,Karel Čapek,Political satire,,,
Lotrando a Zubejda,,Karel Čapek,Fairy tales,,,
Lotrando a Zubejda,,Karel Čapek,Science fiction,,,
Love 86,,Ilanjodigal,,,,
Love Affair (1994 film),,Donald Ogden Stewart,,,,
Love Comes Lately,,Isaac Bashevis Singer,Prose,,,
Love Express (2016 film),,Venkatadri Express,,,,
Love in a Goldfish Bowl,,Jack Sher,,,,
Love on the Run (1979 film),,Antoine Doinel,,,,
Lulu Belle (film),,Edward Sheldon,,,,
Lulu Belle (film),,Charles MacArthur,,,,
Luv Kush,Epic Film,Uttara Kanda,,,,
Lysistrata Jones,,Lysistrata,,http://dbpedia.org/resource/Aristophanes,Aristophanes,
Maaficha Sakshidar,,Joshi-Abhyankar serial murders,,,,
Mah e Mir,,Meer Taqi Meer,,,,
Main Intaquam Loonga,,Thayige Thakka Maga,,,,
Majhli Didi,,Sarat Chandra Chattopadhyay,,,,
Maleficent (film),,Sleeping Beauty (1959 film),,,,
Maleficent (film),,Walt Disney Animation Studios,,,,
Malta Story,,Hugh Pughe Lloyd,,,,
Mana Voori Pandavulu,,Paduvaaralli Pandavaru,,,,
Mann (film),,An Affair to Remember,,,,
Manon Lescaut (1926 film),,Abbe Prevost,,,,
Maqsad,,Mundadugu,,,,
Mara Maru,,Hollister Noble,,,,
Mara Maru,,Sidney Harmon,,,,
Masquerade (1941 film),,Masquerade (play),,http://dbpedia.org/resource/Mikhail_Lermontov,Mikhail Lermontov,
Mass Effect: Paragon Lost,,BioWare,,,,
Mass Effect: Paragon Lost,,Mass Effect 2,Action role-playing game,,,
Mass Effect: Paragon Lost,,Mass Effect 2,Third-person shooter,,,
Massacre (1956 film),,William Tunberg (screenwriter),,,,
Mayerling (1968 film),,Claude Anet,,,,
Meda Meeda Abbayi,,Oru Vadakkan Selfie,,,,
Meet the Raisins!,,The California Raisins,,,,
Mehndi Rang Layegi,,Gorintaku (1979 film),,,,
Men in Black (film series),,The Men in Black (comics),,,,
Mera Saaya,,Raja Paranjape,,,,
Merry Madagascar,,Tom McGrath (animator),,,,
Merry Madagascar,,Eric Darnell,,,,
Milan (1967 film),,Mooga Manasulu,,,,
Minyan (film),,David Bezmozgis,,,,
Miquette (1950 film),,Gaston Arman de Caillavet,,,,
Miquette (1950 film),,Robert de Flers,,,,
Mirzya (film),,Mirza Sahiban,,,,
Miss Evers' Boys,Historical drama,David Feldshuh,,,,
Mister Cory,,Leo Rosten,,,,
Mobile Suit Gundam 00 the Movie: A Wakening of the Trailblazer,,Mobile Suit Gundam 00,,,,
Mobile Suit Gundam 00 the Movie: A Wakening of the Trailblazer,,Gundam,,,,
Mojugara Sogasugara,,Ramudu Bheemudu,,,,
Monkey: Journey to the West,,Journey to the West,,http://dbpedia.org/resource/Wu_Cheng'en,Wu Cheng'en,
Monte Walsh (1970 film),,Jack Schaefer,,,,
Mookajjiya Kanasugalu (film),,Mookajjiya Kanasugalu (novel),,http://dbpedia.org/resource/K._Shivaram_Karanth,K. Shivaram Karanth,
Most Dangerous Man Alive,,Leo Gordon,,,,
Most Dangerous Man Alive,,Michael Pate,,,,
Mother (1999 film),,Mamma Mia! (musical),,http://dbpedia.org/resource/Catherine_Johnson_(playwright),Catherine Johnson (playwright),
Mr. Arkadin,,Harry Alan Towers,,,,
Mr. Bechara,,Veetla Visheshanga,,,,
Mr. and Mrs. Khiladi,,Aa Okkati Adakku,,,,
Mrs Henderson Presents (musical),,Mrs Henderson Presents,,,,
Mrs Henderson Presents (musical),,Martin Sherman,,,,
Mt. Head,,Rakugo,,,,
Mughal-e-Azam (musical),,Mughal-e-Azam,,,,
Muhammad: The Messenger of God (film),,Muhammad,,,,
Muktir Kotha,,Bangladesh Liberation War,,,,
Murder (2004 film),,Unfaithful (2002 film),,,,
Murder by Decree,,Elwyn Jones (writer),,,,
Murder by Decree,,Sir Arthur Conan Doyle,,,,
Murder in the Big House,,Jerry Chodorov,,,,
Murder!,,Clemence Dane,,,,
Murder!,,Helen Simpson (Australian writer),,,,
Murphy's Romance,,Max Schott,,,,
My Gun Is Quick (film),,Mickey Spillane,Detective fiction,,,
My Gun Is Quick (film),,Mickey Spillane,Hardboiled,,,
My Japanese Niece,,Battle of Imphal,,,,
My Japanese Niece,,World War II,,,,
My Wife's Murder,,Madhyanam Hathya,,,,
Mystery Liner,,Edgar Wallace,,,,
NASCAR Race Hub,News program,NASCAR,,,,
NTR: Kathanayakudu,,Nandamuri Taraka Ramarao,,,,
Nader Nimai,,Chaitanya Mahaprabhu,,,,
Nandeeswarudu,,Deadly Soma,,,,
Nanu Ki Jaanu,,Pisaasu,,,,
Narsinh Mehta (film),,Narsinh Mehta,,,,
Naruda Donoruda,,Vicky Donor,,,,
Naughty @ 40,,Judd Apatow,,,,
Naughty @ 40,,Steve Carell,,,,
Navaratri (1966 film),,Navarathri (1964 film),,,,
Nayika Devi: The Warrior Queen,,Naiki Devi,,,,
Nazrana (1961 film),,Kalyana Parisu,,,,
Neenello Naanalle,,Maine Pyar Kiya,,,,
Never Say Goodbye (1956 film),,Luigi Pirandello,Poetry,,,
Never Say Goodbye (1956 film),,Luigi Pirandello,Novel,,,
Never Say Goodbye (1956 film),,Luigi Pirandello,Drama,,,
New Delhi (1988 Kannada film),,New Delhi (1987 film),,,,
Next Time We Love,,Ursula Parrott,Romantic fiction,,,
Nilachaley Mahaprabhu,,Chaitanya Mahaprabhu,,,,
Nindu Manishi,,Samadhi (1972 film),,,,
Nippulanti Manishi (1986 film),,Qayamat (1983 film),,,,
Nirmon,,Enoch Arden,,,,
No One Killed Jessica,,Murder of Jessica Lal,,,,
No Room for the Groom,,Darwin L. Teilhet,,,,
No Time for Sergeants (film),,Mac Hyman,,,,
No Time for Sergeants (film),,Ira Levin,,,,
"No, No, Nanette (1930 film)",,Frank Mandel,,,,
"No, No, Nanette (1930 film)",,Otto A. Harbach,,,,
Not as a Stranger,,Morton Thompson,,,,
Note (film),,Bako National Park,,,,
Notorious (2009 film),,The Notorious B.I.G,,,,
Number 96 (film),,Number 96 (TV series),Soap opera,http://dbpedia.org/resource/Eleanor_Witcombe,Eleanor Witcombe,1923-09-20
Number 96 (film),,Number 96 (TV series),Soap opera,http://dbpedia.org/resource/Ken_Shadie,Ken Shadie,1935-12-08
Number 96 (film),,Number 96 (TV series),Soap opera,http://dbpedia.org/resource/David_Sale,David Sale,
Number 96 (film),,Number 96 (TV series),Soap opera,http://dbpedia.org/resource/Lynn_Foster,Lynn Foster,
Number 96 (film),,Number 96 (TV series),Soap opera,http://dbpedia.org/resource/Johnny_Whyte,Johnny Whyte,
Ogawa no Hotori,,Shuhei Fujisawa,,,,
Oh Doctor! (1925 film),,Harry Leon Wilson,,,,
"Oh, Mr Porter!",,Arnold Ridley,,,,
Ombattane Dikku,,Kurangu Bommai,,,,
On Expenses,,United Kingdom parliamentary expenses scandal,,,,
On Secret Service,,Robert Baberske,,,,
On Secret Service,,Georg C. Klaren,,,,
On Secret Service,,Max W. Kimmich,,,,
On the Job: The Missing 8,,On the Job (2013 film),,,,
Once (musical),,John Carney (director),,,,
Once (musical),,Once (film),,,,
Once Upon a Mattress,,The Princess and the Pea,,http://dbpedia.org/resource/Hans_Christian_Andersen,Hans Christian Andersen,1805-04-02
One of Our Dinosaurs Is Missing,,David Forrest (pseudonym),,,,
Onna Babo,,Baby's Day Out,,,,
Open Season 2,,Steve Moore (cartoonist),,,,
Open Season 3,,Steve Moore (cartoonist),,,,
Open Season: Scared Silly,,Anthony Stacchi,,,,
Open Season: Scared Silly,,Steve Moore (cartoonist),,,,
Open Season: Scared Silly,,Jill Culton,,,,
Operation Petticoat,,Paul King (screenwriter),,,,
Operation Romeo (film),,Ishq (2019 film),,,,
Oranges and Sunshine,,Margaret Humphreys,,,,
Oru Naal Iravil,,Joy Mathew,,,,
Our Huge Adventure,,Little Einsteins,Children's television series,,,
Our Huge Adventure,,Little Einsteins,Comedy,,,
Our Huge Adventure,,Little Einsteins,Science fiction,,,
Our Huge Adventure,,Little Einsteins,Adventure,,,
Our Huge Adventure,,Little Einsteins,Educational,,,
Our Huge Adventure,,Little Einsteins,Musical film,,,
Out of This World (1945 film),,Elizabeth Meehan,,,,
Pabitra Papi,,En Thangachi Padichava,,,,
Paltan (film),,Nathu La and Cho La clashes,,,,
Panchayat (film),,Panchayat (Nepal),,,,
Parachute Jumper,,Rian James,,,,
Paradise Road (1997 film),,Betty Jeffrey,,,,
Paramasivan,,Kartoos,,,,
Paran Jai Jaliya Re,,Namastey London,,,,
Paranormal Activity 2: Tokyo Night,,Oren Peli,,,,
Parmanu: The Story of Pokhran,,Pokhran-II,,,,
Partička,Improvisational comedy,Whose Line Is It Anyway?,,,,
Patela (film),,Raasukutti,,,,
Paul Monette: The Brink of Summer's End,,Paul Monette,,,,
Payal (film),,Mallika (1957 film),,,,
Peggy-Ann,,Edgar Smith (librettist),,,,
Pelli Kanuka (1998 film),,Pardes (1997 film),,,,
Perilous Holiday,,Robert Carson (writer),,,,
Phantom Raiders,,Nick Carter (literary character),,,,
Pirates of Monterey,,Bradford Ropes,,,,
Pirates of the Caribbean (film series),,Pirates of the Caribbean (attraction),,,,
Platinum High School,,Irving Shulman,,,,
Pocahontas (1995 film),,Pocahontas,,,,
Pooja Ke Phool,,Kumudham,,,,
Poorna: Courage Has No Limit,,Malavath Purna,,,,
Popeye the Sailor Meets Ali Baba's Forty Thieves,,Ali Baba and the Forty Thieves,,,,
Popeye the Sailor Meets Sindbad the Sailor,,Sindbad the Sailor,,,,
Porgy and Bess (film),,DuBose Heyward,,,,
Pournami (film),,Behind the Sun (film),,,,
Pravegaya,,Polladhavan (2007 film),,,,
Prem Nagar (1974 film),,Prema Nagar,,,,
Prem Pratigyaa,,Vandichakkaram,,,,
Prince Igor (1969 film),,Prince Igor,,,,
Prison Without Bars,,Gina Kaus,,,,
Prison Without Bars,,Otto Eis,,,,
Prison Without Bars,,Hans Wilhelm (screenwriter),,,,
Private Angelo (film),,Eric Linklater,,,,
Puli Bidda,,Thayige Thakka Maga,,,,
Puppet Master vs Demonic Toys,,David S. Goyer,Screenwriter,,,
Puppet Master vs Demonic Toys,,Charles Band,,,,
Puss in Boots (1934 film),,Puss in Boots,,http://dbpedia.org/resource/Giambattista_Basile,Giambattista Basile,1566-02-15
Puss in Boots (1934 film),,Puss in Boots,,http://dbpedia.org/resource/Charles_Perrault,Charles Perrault,1628-01-12
Puss in Boots (1934 film),,Puss in Boots,,http://dbpedia.org/resource/Giovanni_Francesco_Straparola,Giovanni Francesco Straparola,
Pyar Kiye Jaa,,Kadhalikka Neramillai,,,,
Qaidi (1984 film),,Khaidi (1983 film),,,,
Qiu Jin (film),,Ke Ling,,,,
Qiu Jin (film),,Xia Yan (playwright),,,,
Quest for Zhu,,Zhu Zhu Pets,,,,
Rabeya (2008 film),,Bangladesh Liberation War,,,,
Rags (2012 film),Musical film,Cinderella,,,,
Rahi (film),,Mulk Raj Anand,,,,
Raja Aur Runk,,The Prince and the Pauper,,http://dbpedia.org/resource/Mark_Twain,Mark Twain,1835-11-30
Raja Rani Raji,,Boss Engira Bhaskaran,,,,
Rakhwala (1989 film),,Michael Raj,,,,
Raksha (2008 film),,Phoonk,,,,
Rakta Charitra,,Paritala Ravindra,,,,
Ram-Avtar,,Sangam (1964 Hindi film),,,,
Ravex in Tezuka World,,Osamu Tezuka's Star System,,,,
Ravoyi Chandamama,,An Affair to Remember,,,,
Rebecca (1940 film),,Daphne du Maurier,,,,
Rec 2,,Paco Plaza,,,,
Rec 2,,Jaume Balaguero,,,,
Red Canyon (1949 film),,Zane Grey,Western (genre),,,
Redux Riding Hood,,Little Red Riding Hood,,,,
Return of the Texan,,Fred Gipson,,,,
Rich and Strange,,Dale Collins,,,,
Risk (2001 film),,Tracy Kidder,,,,
Ritual of Evil,Horror film,Richard Alan Simmons,,,,
Ritual of Evil,Drama (film and television),Richard Alan Simmons,,,,
Riverdance: The Animated Adventure,,Riverdance,,,,
Road to Salina,,Denoel Editions,,,,
Romance on the High Seas,,S. Pondal Rios,,,,
Rookery Nook (1970 TV drama),,Rookery Nook (play),,,,
Rough Shoot,,Geoffrey Household,,,,
Rowdy (2022 film),,NASCAR career of Kyle Busch,,,,
Rurouni Kenshin (film),,Nobuhiro Watsuki,,,,
Rustom (film),,K. M. Nanavati vs. State of Maharashtra,,,,
Ruten no umi,,Teru Miyamoto,,,,
S.A.S. à San Salvador,,Gérard de Villiers,,,,
Saathi,,Palum Pazhamum,,,,
Sabse Bada Rupaiya (1976 film),,Kasidre Kailasa,,,,
Sadhu Aur Shaitaan,,Sadhu Mirandal,,,,
Sailing Along,,Selwyn Jepson,,,,
Saina (film),,Saina Nehwal,,,,
Salem's Lot (1979 miniseries),Horror fiction,Stephen King,Supernatural fiction,,,
Salem's Lot (1979 miniseries),Horror fiction,Stephen King,Horror fiction,,,
Salem's Lot (1979 miniseries),Horror fiction,Stephen King,Thriller fiction,,,
Salem's Lot (1979 miniseries),Horror fiction,Stephen King,Gothic fiction,,,
Salem's Lot (1979 miniseries),Horror fiction,Stephen King,Dark fantasy,,,
Salem's Lot (1979 miniseries),Horror fiction,Stephen King,Crime fiction,,,
Salem's Lot (1979 miniseries),Horror fiction,Stephen King,Drama (fiction),,,
Salem's Lot (1979 miniseries),Horror fiction,Stephen King,Genre fiction,,,
Salem's Lot (1979 miniseries),Horror fiction,Stephen King,Fantasy fiction,,,
Salem's Lot (1979 miniseries),Horror fiction,Stephen King,Post-apocalyptic fiction,,,
Salem's Lot (1979 miniseries),Horror fiction,Stephen King,Suspense fiction,,,
Sand (1949 film),,Will James (artist),Western (genre),,,
Sangrama (film),,Arjun (1985 film),,,,
Sanjog (1985 film),,Jeevana Jyothi (1975 film),,,,
Sanrakshan,,Drama,,,,
Sanrakshan,,Thriller film,,,,
Sanrakshan,,Political,,,,
Sanshiro Sugata Part II,,Sanshiro Sugata,,,,
Sant Dnyaneshwar (film),,Jñāneśvar,,,,
Sant Tukaram (film),,Sant Tukaram,,,,
Sargam (1979 film),,Siri Siri Muvva,,,,
Sasural (1961 film),,Illarikam,,,,
Satyavan Savithri,,Savitri and Satyavan,,,,
Savita Bhabhi (film),,Savita Bhabhi,,,,
Scanners II: The New Order,,David Cronenberg,,,,
Scary Movie 2,,Scary Movie,,,,
Sealed Verdict,,Lionel Shapiro,,,,
Secret Agent (1936 film),,W. Somerset Maugham,,,,
Secret Agent (1936 film),,Campbell Dixon,,,,
Secret Window,,Stephen King,Genre fiction,,,
Secret Window,,Stephen King,Gothic fiction,,,
Secret Window,,Stephen King,Crime fiction,,,
Secret Window,,Stephen King,Horror fiction,,,
Secret Window,,Stephen King,Supernatural fiction,,,
Secret Window,,Stephen King,Dark fantasy,,,
Secret Window,,Stephen King,Fantasy fiction,,,
Secret Window,,Stephen King,Thriller fiction,,,
Secret Window,,Stephen King,Drama (fiction),,,
Secret Window,,Stephen King,Post-apocalyptic fiction,,,
Secret Window,,Stephen King,Suspense fiction,,,
Sh! The Octopus,,Donald Gallaher,,,,
Sh! The Octopus,,Ralph Murphy,,,,
Shaakuntalam,,Shakuntala (play),,,,
Shabaash Mithu,,Mithali Raj,,,,
Shakti: The Power,,Anthapuram (1998 film),,,,
Shakuntala Devi (film),,Shakuntala Devi,,,,
Shalom Sesame,Children's television series,Rechov Sumsum,,,,
Shane Warne: The Musical,,Shane Warne,,,,
Shang-Chi and the Legend of the Ten Rings,,Marvel Comics,Superhero fiction,,,
Shang-Chi and the Legend of the Ten Rings,,Marvel Comics,Action fiction,,,
Shang-Chi and the Legend of the Ten Rings,,Marvel Comics,Adventure fiction,,,
Shang-Chi and the Legend of the Ten Rings,,Marvel Comics,Fantasy,,,
Shang-Chi and the Legend of the Ten Rings,,Marvel Comics,Science fiction,,,
Shazam! (film),,Lists of DC Comics characters,,,,
Shazam! Fury of the Gods,,Lists of DC Comics characters,,,,
She Loves Me (film),,Sheldon Harnick,Musical theater,,,
She Loves Me (film),,Jerry Bock,Musical theater,,,
She's the Man,,William Shakespeare,,,,
Shed No Tears (2013 film),,Håkan Hellström,Jangle pop,,,
Shed No Tears (2013 film),,Håkan Hellström,Pop music,,,
Shed No Tears (2013 film),,Håkan Hellström,Soul music,,,
Sherlock Gnomes,,Kelly Asbury,,,,
Shlemiel the First (musical),,Isaac Bashevis Singer,Prose,,,
Short Kut,,Udayananu Tharam,,,,
Shri Ram Bhakta Hanuman,,Valmiki Ramayana,,,,
Shudhu Ekbar Bolo,,Pellichesukundam,,,,
Shutter (2014 film),,Shutter (2012 film),,,,
Siddham (film),,Ab Tak Chhappan,,,,
Sinbad: Legend of the Seven Seas,,Sinbad the Sailor,,,,
Sins of Jezebel,,Books of Chronicles,,,,
Sins of Jezebel,,Books of Kings,,,,
Sixth Happiness,,Trying to Grow,,,,
Sky Murder,,Nick Carter (literary character),,,,
Slugs (1988 film),,Shaun Hutson,Horror fiction,,,
Slugs (1988 film),,Shaun Hutson,Thrillers,,,
Slugs (1988 film),,Shaun Hutson,Suspense,,,
Slugs (1988 film),,Shaun Hutson,Fantasy novel,,,
Smike,,Nicholas Nickleby,,http://dbpedia.org/resource/Charles_Dickens,Charles Dickens,1812-02-07
Snoopy! The Musical,,Charles M. Schulz,,,,
Snowtown (film),,Snowtown murders,,,,
So Long Letty (1929 film),,Elmer Blaney Harris,,,,
So Long Letty (1929 film),,Earl Carroll,,,,
So Long Letty (1929 film),,Oliver Morosco,,,,
Sohni Mahiwal (1946 film),,Sohni Mahiwal,,,,
Sohni Mahiwal (1958 film),,Sohni Mahiwal,,,,
Soho Incident,,Robert Westerby,,,,
Solomon and Sheba,,Books of Chronicles,,,,
Solomon and Sheba,,Books of Kings,,,,
Something's Got to Give,,Samuel and Bella Spewack,,,,
Son of God (film),,New Testament,,,,
Son of the Pink Panther,,Blake Edwards,,,,
Son of the Pink Panther,,Maurice Richlin,,,,
Song of the South,,Joel Chandler Harris,,,,
Soundtrack (film),,It's All Gone Pete Tong,,,,
Spamalot,,Monty Python,Satire,,,
Spamalot,,Monty Python,Surreal humour,,,
Spamalot,,Monty Python,Black comedy,,,
Spamalot,,Monty Python,Wordplay,,,
Spamalot,,Monty Python,Wit,,,
Spamalot,,Monty Python and the Holy Grail,,,,
Spencer's Mountain,,Earl Hamner Jr.,,,,
Square Dance Jubilee,,William L. Nolte,,,,
Sri Siddhartha Gautama (film),,Gautama Buddha,,,,
Starsky & Hutch (film),,William Blinn,,,,
State of Siege: Temple Attack,,Akshardham Temple attack,,,,
Storm Boy (1976 film),,Colin Thiele,,,,
Stranger on the Run,Western (genre),Reginald Rose,,,,
Street of Chance (1942 film),,Cornell Woolrich,,,,
Strictly Business (1962 film),,O. Henry,,,,
Subedar Joginder Singh (film),,Subedar Joginder Singh,,,,
Subways Are for Sleeping,,Harper's,,,,
Sudden Impact,,R.M. Fink,,,,
Sugarfoot (film),,Clarence Budington Kelland,,,,
Suicide Squad (film),,Lists of DC Comics characters,,,,
Sundarakanda (1992 film),,Sundara Kandam,,,,
Super 30 (film),,Anand Kumar,,,,
Sur – The Melody of Life,,Swati Kiranam,,,,
Swarg,,Jog Biyog (novel),,,,
Swimming with Men,,Allt flyter,,,,
Table No. 21,,Indian Constitution,,,,
Taggart (film),,Louis L'Amour,,,,
Tamagotchi: Happiest Story in the Universe!,,Tamagotchi,,,,
Tamagotchi: The Movie,,Tamagotchi,,,,
Tangier (1946 film),,Alice D. G. Miller,,,,
Tarzan (2013 film),,Edgar Rice Burroughs,Lost world (genre),,,
Tarzan (2013 film),,Edgar Rice Burroughs,Western (genre),,,
Tarzan (2013 film),,Edgar Rice Burroughs,Adventure fiction,,,
Tarzan (2013 film),,Edgar Rice Burroughs,Sword and planet,,,
Tarzan (2013 film),,Edgar Rice Burroughs,Soft science fiction,,,
Tarzan (2013 film),,Edgar Rice Burroughs,Planetary romance,,,
Tarzan (2013 film),,Edgar Rice Burroughs,Fantasy fiction,,,
Tathastu,,John Q.,,,,
Taxi No. 9211,,Changing Lanes,,,,
Ted (franchise),,Seth MacFarlane,,,,
Teen Beach 2,Comedy film,Robert Horn (writer),,,,
Teen Beach 2,Musical film,Robert Horn (writer),,,,
Teen Titans Go! To the Movies,,Lists of DC Comics characters,,,,
Ten Little Indians (1989 film),,Agatha Christie,Murder mystery,,,
Ten Little Indians (1989 film),,Agatha Christie,Thriller (genre),,,
Tere Mere Sapne (1971 film),,The Citadel (novel),,http://dbpedia.org/resource/A._J._Cronin,A. J. Cronin,1896-07-19
Teri Baahon Mein,,The Blue Lagoon (1980 film),,,,
Tess of the Storm Country (1932 film),,Rupert Hughes,,,,
Tess of the Storm Country (1932 film),,Grace Miller White,,,,
Thackeray (film),,Bal Thackeray,,,,
Thandri Kodukula Challenge,,Needhikkuppin Paasam,,,,
The 49th Man,,Ivan Tors,,,,
The Addams Family (musical),,The Addams Family,,,,
The Addams Family (musical),,Charles Addams,,,,
The Adventures of Buratino (1975 film),,Buratino,,,,
The Adventures of Jane,,Jane (comic strip),,,,
The Adventures of Mark Twain (1985 film),,Mark Twain,,,,
The Adventures of Sinbad (film),,Sinbad the Sailor,,,,
The Adventures of Tom Sawyer (musical),,The Adventures of Tom Sawyer,,http://dbpedia.org/resource/Mark_Twain,Mark Twain,1835-11-30
The Adventures of Tom Sawyer (musical),,Mark Twain,,,,
The Awakening (1980 film),,Bram Stoker,Romance novel,,,
The Awakening (1980 film),,Bram Stoker,Gothic fiction,,,
The Bachelorette (Australian TV series),,The Bachelorette (American TV series),Dating game show,,,
The Bad Seed (1956 film),,Maxwell Anderson,,,,
The Bad Seed (1956 film),,William March,,,,
The Bad and the Beautiful,,George Bradshaw (writer),,,,
The Batman (film),,Lists of DC Comics characters,,,,
The Battle of Bhima Koregaon: An Unending Journey,,Battle of Koregaon,,,,
The Battle of Stalingrad (film),,Battle of Stalingrad,,,,
The Bed Sitting Room (film),,The Bedsitting Room (play),,http://dbpedia.org/resource/John_Antrobus,John Antrobus,1933-07-02
The Bed Sitting Room (film),,The Bedsitting Room (play),,http://dbpedia.org/resource/Spike_Milligan,Spike Milligan,1918-04-16
The Beggar Maid (film),,Edward Burne-Jones,,,,
The Beggar Maid (film),,King Cophetua and the Beggar Maid (painting),,http://dbpedia.org/resource/Edward_Burne-Jones,Edward Burne-Jones,1833-08-28
The Belle of Mayfair,,Shakespeare,,,,
The Better 'Ole,,Old Bill (cartoon character),,,,
The Bible: In the Beginning...,,Book of Genesis,,,,
The Big Bull,,Harshad Mehta,,,,
The Black Mikado,,Gilbert and Sullivan,,,,
The Blood of Others (film),,Simone de Beauvoir,,,,
The Blue Bird (1940 film),,Maurice Maeterlinck,,,,
The Blue Umbrella (2005 film),,Ruskin Bond,,,,
The Book of Daniel (film),,Book of Daniel,,,,
The Book of Esther (film),,Book of Esther,,,,
The Book of Negroes (miniseries),Drama (film and television),The Book of Negroes (novel),,http://dbpedia.org/resource/Lawrence_Hill,Lawrence Hill,1957-01-24
The Box (1975 film),,Ray Kolle,,,,
The Boy (musical),,The Magistrate (play),,,,
The Boy (musical),,Arthur Wing Pinero,,,,
The Boy and the Pirates,,Lillie Hayward,,,,
The Brave Tin Soldier (1934 film),,The Steadfast Tin Soldier,,http://dbpedia.org/resource/Hans_Christian_Andersen,Hans Christian Andersen,1805-04-02
The Brawler,,Muhammad Ali vs. Chuck Wepner,,,,
The Bridesmaid (film),,Ruth Rendell,Murder mystery,,,
The Bridesmaid (film),,Ruth Rendell,Psychological thriller,,,
The Broken Gate,,Emerson Hough,,,,
The Buccaneer (1938 film),,Lyle Saxon,,,,
The Cabbage Soup,,René Fallet,,,,
The Cardinal,,Henry Morton Robinson,,,,
The Catch of the Season,,Cinderella,,,,
The Circular Staircase (film),,The Circular Staircase,,http://dbpedia.org/resource/Mary_Roberts_Rinehart,Mary Roberts Rinehart,1876-08-12
The Cisco Kid (1994 film),,O. Henry,,,,
The Cokeville Miracle,,Cokeville Elementary School hostage crisis,,,,
The Cool Mikado,,Maurice Browning,,,,
The Cool Mikado,,W. S. Gilbert,,,,
The Crawling Hand,,Wm. Idelson,,,,
The Cross and the Switchblade (film),,David Wilkerson,,,,
The Cross and the Switchblade (film),,John and Elizabeth Sherrill,,,,
The Daughter (2015 film),,Henrik Ibsen,,,,
The Day of the Dolphin,,Robert Merle,,,,
The Deal (2003 film),,Blair-Brown deal,,,,
The Death of Superman (film),,DC Comics,Superhero fiction,,,
The Death of Superman (film),,DC Comics,Action fiction,,,
The Death of Superman (film),,DC Comics,Adventure fiction,,,
The Death of Superman (film),,DC Comics,Science fiction,,,
The Death of Superman (film),,DC Comics,Fantasy fiction,,,
The Desert Song (1929 film),,Sigmund Romberg,,,,
The Devil Bat,,George Bricker,,,,
The Devil Worshippers,,Karl May,Western fiction,,,
The Diary of Anne Frank (1959 film),,Anne Frank,,,,
The Diary of Anne Frank (1980 film),,Albert Hackett,,,,
The Disappearance (film),,Derek Marlowe,,,,
The Donkey Show (musical),,A Midsummer Night's Dream,Comedy (drama),http://dbpedia.org/resource/William_Shakespeare,William Shakespeare,
The Eagle's Eye,,William J. Flynn,,,,
The Farmer's Wife,,Adelaide Phillpotts,,,,
The Farmer's Wife,,Eden Phillpotts,,,,
The Fighting Redhead,,Fred Harman,,,,
The Firefly (1937 film),,The Firefly (operetta),,http://dbpedia.org/resource/Otto_Harbach,Otto Harbach,1873-08-18
The First Deadly Sin,,Lawrence Sanders,Mystery fiction,,,
The First Deadly Sin,,Lawrence Sanders,Crime,,,
The First Deadly Sin,,Lawrence Sanders,Fiction,,,
The Flash (film),,Lists of DC Comics characters,,,,
The Flying Scot (film),,Ralph Smart,,,,
The Friends of Eddie Coyle,,George V. Higgins,,,,
The Gay Amigo,,O. Henry,,,,
The Girl in the Kremlin,,DeWitt Bodeen,,,,
The Girl in the Kremlin,,Harry Ruskin,,,,
The Gnomes' Great Adventure,,The World of David the Gnome,Fantasy,,,
The Golden Apple (musical),,Iliad,,,,
The Golden Apple (musical),,Odyssey,,,,
The Good Earth (film),,Owen Davis,,,,
The Good Mother (1988 film),,Sue Miller,,,,
The Gospel According to St. Matthew (film),,Gospel of Matthew,,,,
The Great Gold Swindle,,Perth Mint Swindle,,,,
The Happy Time,,Samuel A. Taylor,,,,
The Hard Man,,Leo Katcher,,,,
The Hatter's Ghost,,Georges Simenon,,,,
The Headless Horseman (1934 film),,The Headless Horseman,,,,
The Hiding of Black Bill,,O. Henry,,,,
The Hook (1963 film),,Vahé Katcha,,,,
The Hot Rock (film),,Donald E. Westlake,Crime fiction,,,
The Hunt for Gollum,,J. R. R. Tolkien,Mythopoeia,,,
The Hunt for Gollum,,J. R. R. Tolkien,Literary criticism,,,
The Hunt for Gollum,,J. R. R. Tolkien,High fantasy,,,
The Hunt for Gollum,,J. R. R. Tolkien,Fantasy fiction,,,
The Ice Age Adventures of Buck Wild,,List of Ice Age characters,,,,
The Indian Fighter,,Robert L. Richards,,,,
The Inspector General (1949 film),,Nikolai Gogol,,,,
The Italian Straw Hat (film),,Eugène Marin Labiche,Dramaturgy,,,
The Kennel Murder Case (film),,S.S. Van Dine,,,,
The Knowledge (film),,Bob Brooks,,,,
The Land Before Time IX: Journey to Big Water,,Judy Freudberg,,,,
The Land Before Time IX: Journey to Big Water,,Tony Geiss,,,,
The Land Before Time V: The Mysterious Island,,Judy Freudberg,,,,
The Land Before Time V: The Mysterious Island,,Tony Geiss,,,,
The Land Before Time II: The Great Valley Adventure,,Judy Freudberg,,,,
The Land Before Time II: The Great Valley Adventure,,Tony Geiss,,,,
The Land Before Time III: The Time of the Great Giving,,Judy Freudberg,,,,
The Land Before Time III: The Time of the Great Giving,,Tony Geiss,,,,
The Land Before Time XI: Invasion of the Tinysauruses,,Judy Freudberg,,,,
The Land Before Time XI: Invasion of the Tinysauruses,,Tony Geiss,,,,
The Land Before Time X: The Great Longneck Migration,,Judy Freudberg,,,,
The Land Before Time X: The Great Longneck Migration,,Tony Geiss,,,,
The Last Angry Man,,Gerald Green (author),,,,
The Last Fiction,,Shahnameh,,,,
The Last Train from Madrid,,Elsie Fox,,,,
The Left Hand of God,,William Edmund Barrett,,,,
The Left-Hander (1987 film),,The Left-Hander (story),,,,
The Legend of Ben Hall,,Ben Hall (bushranger),,,,
The Legend of Lylah Clare,,Robert Thom (writer),,,,
The Legend of Mor'du,,Brenda Chapman,,,,
The Legend of Mor'du,,Mark Andrews (filmmaker),,,,
The Legend of Shankhadhar,,Sankhadhar Sakhwa,,,,
The Letter: A Message for our Earth,,Laudato si',,,,
The Life of Jimmy Dolan,,Beulah Marie Dix,,,,
The Life of Rufus Dawes,,Alfred Dampier,,,,
The Light Touch,,Tom Reed (screenwriter),,,,
The Lion Hunters,,Roy Rockwood,,,,
The Little Hut,,Nancy Mitford,,,,
The Little Hut,,André Roussin,,,,
The Lone Ranger (1956 film),,The Lone Ranger,,,,
The Lost Language of Cranes (film),,The Lost Language of Cranes,,http://dbpedia.org/resource/David_Leavitt,David Leavitt,1961-06-23
The Lost Volcano,,Roy Rockwood,,,,
The Love Parade,,Jules Chancel,,,,
The Lower Depths (1936 film),,Maxim Gorky,,,,
The Lyons in Paris,,Bob Block,,,,
The Magic Portal,,Lego,,,,
The Magnificent Seven,,Shinobu Hashimoto,,,,
The Magnificent Seven,,Hideo Oguni,,,,
The Man Between,,Eric Linklater,,,,
The Marvelous Wonderettes,,1950s,,,,
The Marvelous Wonderettes,,1960s,,,,
The Mary Alice Brandon File,,Twilight (Meyer novel),,http://dbpedia.org/resource/Stephenie_Meyer,Stephenie Meyer,1973-12-24
The Matrimonial Bed,,Yves Mirande,,,,
The Matrix Reloaded,,List of Matrix series characters,,,,
The Matrix Revolutions,,List of Matrix series characters,,,,
The Medusa Touch (film),,Peter Van Greenaway,,,,
The Merry Widow (1925 film),,Leo Stein (writer),,,,
The Merry Widow (1925 film),,Victor Léon,,,,
The Message (1976 film),,Muhammad,,,,
The Michigan Kid,,Rex Beach,,,,
The Mountains of Madness,,H.P. Lovecraft,,,,
The Naked Face (film),,Sidney Sheldon,Crime fiction,,,
The Naked Face (film),,Sidney Sheldon,Thriller (genre),,,
The Nutty Professor (franchise),,Jerry Lewis,,,,
The Old Man Who Read Love Stories,,Luis Sepulveda,,,,
The Outrage,,Shinobu Hashimoto,,,,
The Phantom of the Opera (2004 film),,Richard Stilgoe,,,,
The Phantom of the Opera (2004 film),,Charles Hart (lyricist),,,,
The Plea (film),,Host and Guest,,http://dbpedia.org/resource/Vazha-Pshavela,Vazha-Pshavela,
The Pride and the Passion,,C.S. Forester,,,,
The Prince Who Was a Thief,,Theodore Dreiser,,,,
The Prince of Egypt,,Book of Exodus,,,,
The Prodigal (1983 film),,Parable of the Prodigal Son,,,,
The Rape of the Sabine Women (2006 film),,The Rape of the Sabine Women,,,,
The Reckless Lady,,Philip Gibbs,,,,
The Return of a Man Called Horse,,Dorothy M. Johnson,,,,
The Reverend (film),,Book of Job,,,,
The Right Way (1921 film),,Thomas Mott Osborne,,,,
The Rocket Man (film),,George W. George,,,,
The Romantic Age,,Serge Véber,,,,
The Royal Romance of Charles and Diana,,Wedding of Prince Charles and Lady Diana Spencer,,,,
The Saint in New York (film),,Leslie Charteris,,,,
The Sandlot (franchise),,David Mickey Evans,,,,
The Scarlet Letter (1995 film),,Nathaniel Hawthorne,,,,
The Secret of Convict Lake,,Anna Hunger,,,,
The Secret of Convict Lake,,Jack Pollexfen,,,,
The Shadow (serial),,Walter B. Gibson,Comic book,,,
The Shadow (serial),,Walter B. Gibson,Comic strip,,,
The Shadow (serial),,Walter B. Gibson,Parapsychology,,,
The Shadow (serial),,Walter B. Gibson,True crime,,,
The Shadow (serial),,Walter B. Gibson,Pulp magazine,,,
The Shadow (serial),,Walter B. Gibson,Hypnosis,,,
The Shadow (serial),,Walter B. Gibson,Yoga,,,
The Shadow (serial),,Walter B. Gibson,Magic (illusion),,,
The Shaggy Dog (1994 film),,Lillie Hayward,,,,
The Shakiest Gun in the West,,Edmund Hartmann,,,,
The Siege of Pinchgut,,Lee Robinson (director),,,,
The Silver Whip,,Jack Schaefer,,,,
The Smiling Lieutenant,,Hans Müller-Einigen,,,,
The Spiral Road,,Jan de Hartog,,,,
The Square Ring,,The Square Ring (play),,http://dbpedia.org/resource/Ralph_Peterson_(writer),Ralph Peterson (writer),1921-02-21
The Square Ring,,Ralph Peterson (writer),,,,
The Stand at Apache River,,Robert J. Hogan (author),,,,
The Story of Jacob and Joseph,,Book of Genesis,,,,
The Story of Ruth,,Book of Ruth,,,,
The Student Nurses,,Charles S. Swartz,,,,
The Suicide Squad (film),,Lists of DC Comics characters,,,,
The Sun Shines Bright,,Irvin S. Cobb,,,,
The Swan Princess: A Royal Family Tale,,Richard Rich (director),,,,
The Tale of Shim Chong (film),,The Tale of Shim Chong,,,,
The Tall Stranger (film),,Louis L'Amour,,,,
The Ten Commandments (1956 film),,Book of Exodus,,,,
The Test of Honor,,E. Phillips Oppenheim,,,,
The Third Alibi,,Pip Baker,,,,
The Train (1970 film),,Cochin Express,,,,
The Treasure of Lost Canyon,,Robert Louis Stevenson,,,,
The True Story of Jesse James,,Nunnally Johnson,,,,
The Turning (2013 film),,Tim Winton,Non-fiction,,,
The Tuttles of Tahiti,,James Norman Hall,,,,
The Tuttles of Tahiti,,Charles Nordhoff,,,,
The Twelve Chairs (1976 film),,The Twelve Chairs,,http://dbpedia.org/resource/Ilf_and_Petrov,Ilf and Petrov,
The Twilight of the Golds (film),,The Twilight of the Golds,,,,
The Twonky,,Henry Kuttner,Horror fiction,,,
The Twonky,,Henry Kuttner,Science fiction,,,
The Twonky,,Henry Kuttner,Fantasy fiction,,,
The Undefeated (1969 film),,Stan Hough,,,,
The Untold Tale of the Three Kingdoms,,Records of the Three Kingdoms,,http://dbpedia.org/resource/Chen_Shou,Chen Shou,
The Vagabond King (1930 film),,Justin Huntly McCarthy,,,,
The Vanishing Act,,Malaysia Airlines flight 370,,,,
The Venetian Twins (musical),,Carlo Goldoni,Comedy (drama),,,
The Voice (1992 film),,Pierre Drieu La Rochelle,,,,
The Walls Came Tumbling Down (film),,Jo Eisinger,,,,
The Wannsee Conference (film),,Wannsee Conference,,,,
The Warrior and the Sorceress,,William Stout,,,,
The White Masai,,The White Masai (novel),,http://dbpedia.org/resource/Corinne_Hofmann,Corinne Hofmann,
The White Poodle,,Aleksandr Kuprin,,,,
The White Snake Enchantress (film),,Legend of the White Snake,,,,
The Yellow Handkerchief (2008 film),,The Yellow Handkerchief (1977 film),,,,
The Yellow Wallpaper (film),,Charlotte Perkins Gilman,,,,
Theeran Adhigaaram Ondru,,Operation Bawaria,,,,
They Rode West,,Leo Katcher,,,,
Thirty Seconds Over Tokyo,,Bob Considine,,,,
Those High Grey Walls,,William A. Wellman,,,,
Three Little Pigs (film),,The Three Little Pigs,,,,
Three Stripes in the Sun,,Ely Jacques Kahn Jr.,,,,
Thriller – Live,,The Jackson 5,Rhythm and blues,,,
Thriller – Live,,The Jackson 5,Funk,,,
Thriller – Live,,The Jackson 5,Bubblegum pop,,,
Thriller – Live,,The Jackson 5,Disco,,,
Thriller – Live,,The Jackson 5,Pop music,,,
Thriller – Live,,The Jackson 5,Soul music,,,
Thriller – Live,,Michael Jackson,,,,
Thunder in the Sun,,Guy Trosper,,,,
Thursday's Child (1943 film),,Donald Macardle,,,,
Time Out of Mind (1947 film),,Rachel Field,Children's literature,,,
Tirupathi Express,,Venkatadri Express (film),,,,
Tom and Jerry's Giant Adventure,,Jack and the Beanstalk,,,,
Tommy (2015 film),,Hachiko,,,,
Tomorrowverse,,List of DC Comics characters,,,,
Top Banana (film),,Hy Kraft,,,,
Towards Zero (film),,Agatha Christie,Murder mystery,,,
Towards Zero (film),,Agatha Christie,Thriller (genre),,,
Tremors 4: The Legend Begins,,Ron Underwood,,,,
Tremors 5: Bloodlines,,Ron Underwood,,,,
Tremors: A Cold Day in Hell,,Ron Underwood,,,,
Triumphs of a Man Called Horse,,Dorothy M. Johnson,,,,
Tu Hi Re,,Sillunu Oru Kaadhal,,,,
Tuck Everlasting (2002 film),,Natalie Babbitt,,,,
Tuppen,,Ivar Lo-Johansson,,,,
Turkey Time (1970 film),,Turkey Time (play),,,,
Turtle Beach (film),,Blanche d'Alpuget,Romance novel,,,
Turtle Beach (film),,Blanche d'Alpuget,Biography,,,
Turtle Beach (film),,Blanche d'Alpuget,Drama,,,
Tusk (2014 film),,Scott Mosier,,,,
Twin Beds (1942 film),,Salisbury Field,,,,
Two Is a Family,,Eugenio Derbez,,,,
Të paftuarit,,Broken April,,http://dbpedia.org/resource/Ismail_Kadare,Ismail Kadare,1936-01-28
Uhlanga the Mark,,Rural poverty,,,,
Ulta Palta (1998 film),,Ulta Palta (1997 film),,,,
Under Two Flags (1922 film),,Arthur Shirley,,,,
Universal Soldier: Regeneration,,Richard Rothstein (screenwriter),,,,
Up! (1976 film),,Roger Ebert,,,,
Urashima Tarō (film),,Urashima Tarō,,,,
Vegas Vacation,,John Hughes (filmmaker),,,,
Vijetha,,Saaheb,,,,
Viral (unreleased film),,Social media,,,,
Vishnu Sena,,Ramanaa,,,,
Walk Into Paradise,,Chips Rafferty,,,,
Waltzes from Vienna,,Ernst Marischka,,,,
Warning (2013 film),,Open Water 2: Adrift,,,,
Warsaw 44,,Warsaw Uprising,,,,
We of the Never Never (film),,We of the Never Never,,http://dbpedia.org/resource/Jeannie_Gunn,Jeannie Gunn,
Week-End with Father,,George W. George,,,,
Well Done Abba,,Jau Tithe Khau,,,,
Where the Red Fern Grows (2003 film),,Wilson Rawls,,,,
Whirled into Happiness,,Robert Bodanzky,,,,
White Boy Rick,,Richard Wershe Jr.,,,,
White Oleander (film),,Janet Fitch,,,,
Why I Killed Gandhi,,Assassination of Mahatma Gandhi,,,,
Wills & Burke,,Burke and Wills expedition,,,,
Wings of the Hawk,,Gerald Drayson Adams,,,,
Winter on Fire: Ukraine's Fight for Freedom,,Euromaidan,,,,
Winx Club: The Secret of the Lost Kingdom,,Iginio Straffi,,,,
Wives Under Suspicion,,Ladislas Fodor,,,,
Wonder Woman (2017 film),,Lists of DC Comics characters,,,,
Wonder Woman 1984,,Lists of DC Comics characters,,,,
Wooden Crosses,,Roland Dorgelès,,,,
World War 1 in Colour,Educational,World War I,,,,
Wow! Wow! Wubbzy!: Wubb Idol,,Wow! Wow! Wubbzy!,Comedy,,,
Wubbzy's Big Movie!,,Wow! Wow! Wubbzy!,Comedy,,,
Xanadu (musical),,Xanadu (film),,,,
Yaad Rakhegi Duniya,,Geethanjali (1989 film),,,,
Yaara,,A Gang Story,,,,
Yalghaar,,Second Battle of Swat,,,,
Yathra,,The Yellow Handkerchief (1977 film),,,,
Yellow Sands (film),,Eden Phillpotts,,,,
Yoddha (1992 film),,The Golden Child,,,,
Yogi (2007 film),,Jogi (2005 film),,,,
You and Me (1938 film),,Norman Krasna,,,,
"You're a Good Man, Charlie Brown",,Charles M. Schulz,,,,
You've Got Mail,,The Shop Around the Corner,,,,
You've Got Mail,,Miklós László,,,,
Young Sherlock Holmes,,Sir Arthur Conan Doyle,,,,
Your Own Thing,,Shakespeare,,,,
Yousuf Khan Sher Bano,,Yusuf Khan and Sherbano,,,,
Yugadrashta,,Pitambar Deva Goswami,,,,
Zack Snyder's Justice League,,Lists of DC Comics characters,,,,
Zameer (2005 film),,Mazhayethum Munpe,,,,
Zehreela Insaan,,Naagarahaavu,,,,
Zorro (1975 Italian film),,Zorro,,,,
